"id","name","location"
"1","name-768","location-153"
"2","name-18","location-78"
"3","name-570","location-759"
"4","name-586","location-46"
"5","name-881","location-715"
"6","name-351","location-620"
"7","name-742","location-123"
"8","name-637","location-614"
"9","name-268","location-543"
"10","name-732","location-158"
"11","name-921","location-209"
"12","name-702","location-527"
"13","name-191","location-465"
"14","name-565","location-899"
"15","name-390","location-327"
"16","name-811","location-603"
"17","name-886","location-186"
"18","name-557","location-952"
"19","name-861","location-451"
"20","name-164","location-176"
