"id","email","password","passwordResetToken"
"ba146a8d-4b61-4fc2-849b-59dcdcf07a99","admin-1@email.com","$2a$10$9STtl2T.YiJ7LXWSaylpLuewFz1kwg/sY1S5NI2VzISZ/AGv.iUUC","passwordResetToken-621"
"edf879e3-4157-46bd-a621-9835026cf3d3","admin-2@email.com","$2a$10$.hWsY4oWBgxW7CTPxDvFVOtU9fBjd.GZwNfpEmmGYtIWyC/9cEh1q","passwordResetToken-819"
"b47a0826-3372-4366-91c7-e25491cc7789","admin-3@email.com","$2a$10$GqpOoibQNXBIvD31zCWZpOUVrG9RAKnHHQGC0JaULd37WOYA0JdUm","passwordResetToken-126"
"e24fda27-829f-492d-a914-6a96b56c75cf","user-1@email.com","$2a$10$9fLq5/e.Pq0v4K5eV85q8O.VDaNmbw.SViUrkZBs0ATiBGEZXheoC","passwordResetToken-501"
"e84bab9e-d5f3-4b3e-a935-8a8e2bd21671","admin-4@email.com","$2a$10$/.uNJBSv1JEwkhbC5NZLceTYnahxKhHIuWOZ.wKMrnM3HywCNCyU.","passwordResetToken-921"
"7ffd7f37-ea0e-415d-a978-589526f177cc","admin-5@email.com","$2a$10$dOHeftz1cbcfE53663/pLuMGpoRvX5DWx8aVAS3w3S8Dr/HtfftpW","passwordResetToken-833"
"a08285d9-c545-48ab-83b6-73b24bf6c1ff","user-2@email.com","$2a$10$MUw5bF4p2X/EdYsvev9Zme5kaBVA3322tbxs986rWUf5UKapZwNJy","passwordResetToken-300"
"65bc065b-b78e-43d4-988c-aab333acfd1d","user-3@email.com","$2a$10$iXvb/vtVo1sGHoYoqLxnaecvJLBG9Cd44ODzY7PcjoZoUtaWLEBXq","passwordResetToken-30"
"679b8ff4-791f-4b3b-81d5-f3e4235029d1","user-4@email.com","$2a$10$2mHh5cWmi5yp0M7kKTnqveJSZNT7fjxevbSTrq0yzVJwdOSDlf.YG","passwordResetToken-411"
"5c2977ec-e313-4c41-97e2-df032430e2eb","admin-6@email.com","$2a$10$hqg6dpfz8CzBPbh6g9mK2uRyIH1D0nNZIIy.AJj/HHCypJQnrzNY2","passwordResetToken-116"
"9254461e-77a7-4408-bf2f-0ece9470a87f","user-5@email.com","$2a$10$HFrLArHoYc2Z1D0UnDvy.O7HpZ5Mf89ZVNyosmPhIPv7nmrJr829C","passwordResetToken-899"
"378ff15e-df94-47c5-912f-79906d19e962","user-6@email.com","$2a$10$GCbohJIsVSY23JVKpgk54eqYFFNr9SL6rmCsl4d3kV0MZ1/Kr9GH6","passwordResetToken-562"
"eedf32dd-1bd9-40cb-8169-f5d7b5896d10","user-7@email.com","$2a$10$Sg6xZmeOYldXLgwlOno4GegbW5IpyEOCc.MIfHSmeurs9/zICwbva","passwordResetToken-769"
"5dd1bfcd-03bf-41cd-84af-77a7baaa6d7d","admin-7@email.com","$2a$10$z4U8hMaZlYiQ/QslRRT3ROcLrJrrlCwQ57PqiMBWlSt1p8T/Woila","passwordResetToken-118"
"50acc7eb-c0f5-431f-bc3a-680b1324c2ef","admin-8@email.com","$2a$10$PpOoQTr06yXD4XUpw8put.EXPChtU2/lGwruhKyralTtDHCyZBuCq","passwordResetToken-822"
"eff3cfe1-c844-46a3-9c4d-1aff8fb47ab7","admin-9@email.com","$2a$10$iRwlk3dbgsXcaJNCtVuKnuTcRHTuxPL5nMUJInpLZnBiAUs8B6QV6","passwordResetToken-723"
"0ad82090-ef97-48dc-937e-e88029af8bfe","user-8@email.com","$2a$10$kendSW1YDeqvtQzv3zXEC./FneI2Lw3XIall0Aq..NL9vrqjYrCSi","passwordResetToken-804"
"80b2f318-8a56-4c51-b1be-a6a5a00fd5fc","user-9@email.com","$2a$10$d5IQKDEciup.XVMhBQL.bOLLN9WJln6jgdjTRD8kgIsfZ3Wihqjum","passwordResetToken-68"
"fb0581e3-0556-48b3-be79-b62fada31ff8","user-10@email.com","$2a$10$eLCps1VFmnxNP15wBGCJN.qSJbwtuA2Txk804GkOC0ogs7iXvEufa","passwordResetToken-851"
"e1075af3-1e47-4730-8001-70860b36cdbf","user-11@email.com","$2a$10$wo/edn3yDuS0zYtLY5/Rq.OM45XdcvedlHXppMHn5k9WlAT/puGny","passwordResetToken-916"
